encoding,code,code_clean,description,pvd_bl,observations
ICD-10,A48.0,A480,Gas gangrene,1,
ICD-10,I26.90,I2690,Septic pulmonary embolism without acute cor pulmonale,1,
ICD-10,I26.92,I2692,Saddle embolus of pulmonary artery without acute cor pulmonale,1,
ICD-10,I26.99,I2699,Other pulmonary embolism without acute cor pulmonale,1,
ICD-10,I27.82,I2782,Chronic pulmonary embolism,1,
ICD-10,I70.0,I700,Atherosclerosis of aorta,1,
ICD-10,I70.1,I701,Atherosclerosis of renal artery,1,
ICD-10,I70.209,I70209,"Unspecified atherosclerosis of native arteries of extremities, unspecified extremity",1,
ICD-10,I70.219,I70219,"Atherosclerosis of native arteries of extremities with intermittent claudication, unspecified extremity",1,
ICD-10,I70.229,I70229,"Atherosclerosis of native arteries of extremities with rest pain, unspecified extremity",1,
ICD-10,I70.25,I7025,Atherosclerosis of native arteries of other extremities with ulceration,1,
ICD-10,I70.269,I70269,"Atherosclerosis of native arteries of extremities with gangrene, unspecified extremity",1,
ICD-10,I70.299,I70299,"Other atherosclerosis of native arteries of extremities, unspecified extremity",1,
ICD-10,I70.399,I70399,"Other atherosclerosis of unspecified type of bypass graft(s) of the extremities, unspecified extremity",1,
ICD-10,I70.499,I70499,"Other atherosclerosis of autologous vein bypass graft(s) of the extremities, unspecified extremity",1,
ICD-10,I70.599,I70599,"Other atherosclerosis of nonautologous biological bypass graft(s) of the extremities, unspecified extremity",1,
ICD-10,I70.92,I7092,Chronic total occlusion of artery of the extremities,1,
ICD-10,I71.00,I7100,Dissection of unspecified site of aorta,1,
ICD-10,I71.010,I71010,Dissection of ascending aorta,1,
ICD-10,I71.011,I71011,Dissection of aortic arch,1,
ICD-10,I71.012,I71012,Dissection of descending thoracic aorta,1,
ICD-10,I71.019,I71019,"Dissection of thoracic aorta, unspecified",1,
ICD-10,I71.02,I7102,Dissection of abdominal aorta,1,
ICD-10,I71.03,I7103,Dissection of thoracoabdominal aorta,1,
ICD-10,I71.10,I7110,"Thoracic aortic aneurysm, ruptured, unspecified",1,
ICD-10,I71.11,I7111,"Aneurysm of the ascending aorta, ruptured",1,
ICD-10,I71.12,I7112,"Aneurysm of the aortic arch, ruptured",1,
ICD-10,I71.13,I7113,"Aneurysm of the descending thoracic aorta, ruptured",1,
ICD-10,I71.20,I7120,"Thoracic aortic aneurysm, without rupture, unspecified",1,
ICD-10,I71.21,I7121,"Aneurysm of the ascending aorta, without rupture",1,
ICD-10,I71.22,I7122,"Aneurysm of the aortic arch, without rupture",1,
ICD-10,I71.23,I7123,"Aneurysm of the descending thoracic aorta, without rupture",1,
ICD-10,I71.30,I7130,"Abdominal aortic aneurysm, ruptured, unspecified",1,
ICD-10,I71.31,I7131,"Pararenal abdominal aortic aneurysm, ruptured",1,
ICD-10,I71.32,I7132,"Juxtarenal abdominal aortic aneurysm, ruptured",1,
ICD-10,I71.33,I7133,"Infrarenal abdominal aortic aneurysm, ruptured",1,
ICD-10,I71.40,I7140,"Abdominal aortic aneurysm, without rupture, unspecified",1,
ICD-10,I71.41,I7141,"Pararenal abdominal aortic aneurysm, without rupture",1,
ICD-10,I71.42,I7142,"Juxtarenal abdominal aortic aneurysm, without rupture",1,
ICD-10,I71.43,I7143,"Infrarenal abdominal aortic aneurysm, without rupture",1,
ICD-10,I71.50,I7150,"Thoracoabdominal aortic aneurysm, ruptured, unspecified",1,
ICD-10,I71.51,I7151,"Supraceliac aneurysm of the abdominal aorta, ruptured",1,
ICD-10,I71.52,I7152,"Paravisceral aneurysm of the abdominal aorta, ruptured",1,
ICD-10,I71.60,I7160,"Thoracoabdominal aortic aneurysm, without rupture, unspecified",1,
ICD-10,I71.61,I7161,"Supraceliac aneurysm of the abdominal aorta, without rupture",1,
ICD-10,I71.62,I7162,"Paravisceral aneurysm of the abdominal aorta, without rupture",1,
ICD-10,I71.8,I718,"Aortic aneurysm of unspecified site, ruptured",1,
ICD-10,I71.9,I719,"Aortic aneurysm of unspecified site, without rupture",1,
ICD-10,I72.0,I720,Aneurysm of carotid artery,1,
ICD-10,I72.1,I721,Aneurysm of artery of upper extremity,1,
ICD-10,I72.2,I722,Aneurysm of renal artery,1,
ICD-10,I72.3,I723,Aneurysm of iliac artery,1,
ICD-10,I72.4,I724,Aneurysm of artery of lower extremity,1,
ICD-10,I72.8,I728,Aneurysm of other specified arteries,1,
ICD-10,I72.9,I729,Aneurysm of unspecified site,1,
ICD-10,I73.1,I731,Thromboangiitis obliterans [Buerger's disease],1,
ICD-10,I73.81,I7381,Erythromelalgia,1,
ICD-10,I73.89,I7389,Other specified peripheral vascular diseases,1,
ICD-10,I73.9,I739,"Peripheral vascular disease, unspecified",1,
ICD-10,I74.01,I7401,Saddle embolus of abdominal aorta,1,
ICD-10,I74.09,I7409,Other arterial embolism and thrombosis of abdominal aorta,1,
ICD-10,I74.10,I7410,Embolism and thrombosis of unspecified parts of aorta,1,
ICD-10,I74.11,I7411,Embolism and thrombosis of thoracic aorta,1,
ICD-10,I74.2,I742,Embolism and thrombosis of arteries of the upper extremities,1,
ICD-10,I74.3,I743,Embolism and thrombosis of arteries of the lower extremities,1,
ICD-10,I74.5,I745,Embolism and thrombosis of iliac artery,1,
ICD-10,I74.8,I748,Embolism and thrombosis of other arteries,1,
ICD-10,I74.9,I749,Embolism and thrombosis of unspecified artery,1,
ICD-10,I75.011,445.01,,1,
ICD-10,I75.012,445.01,,1,
ICD-10,I75.013,445.01,,1,
ICD-10,I75.019,445.01,,1,
ICD-10,I75.021,445.02,,1,
ICD-10,I75.022,445.02,,1,
ICD-10,I75.023,445.02,,1,
ICD-10,I75.029,445.02,,1,
ICD-10,I75.81,I7581,Atheroembolism of kidney,1,
ICD-10,I75.89,I7589,Atheroembolism of other site,1,
ICD-10,I76,I76,Septic arterial embolism,1,
ICD-10,I77.0,I770,"Arteriovenous fistula, acquired",1,
ICD-10,I77.1,I771,Stricture of artery,1,
ICD-10,I77.2,I772,Rupture of artery,1,
ICD-10,I77.3,I773,Arterial fibromuscular dysplasia,1,
ICD-10,I77.4,I774,Celiac artery compression syndrome,1,
ICD-10,I77.5,I775,Necrosis of artery,1,
ICD-10,I77.6,I776,"Arteritis, unspecified",1,
ICD-10,I77.70,I7770,Dissection of unspecified artery,1,
ICD-10,I77.71,I7771,Dissection of carotid artery,1,
ICD-10,I77.72,I7772,Dissection of iliac artery,1,
ICD-10,I77.73,I7773,Dissection of renal artery,1,
ICD-10,I77.74,I7774,Dissection of vertebral artery,1,
ICD-10,I77.79,I7779,Dissection of other specified artery,1,
ICD-10,I77.810,I77810,Thoracic aortic ectasia,1,
ICD-10,I77.811,I77811,Abdominal aortic ectasia,1,
ICD-10,I77.812,I77812,Thoracoabdominal aortic ectasia,1,
ICD-10,I77.819,I77819,"Aortic ectasia, unspecified site",1,
ICD-10,I77.89,I7789,Other specified disorders of arteries and arterioles,1,
ICD-10,I77.9,I779,"Disorder of arteries and arterioles, unspecified",1,
ICD-10,I78.0,I780,Hereditary hemorrhagic telangiectasia,1,
ICD-10,I79.8,I798,"Other disorders of arteries, arterioles and capillaries in diseases classified elsewhere",1,
ICD-10,I80.10,I8010,Phlebitis and thrombophlebitis of unspecified femoral vein,1,
ICD-10,I80.201,I80201,Phlebitis and thrombophlebitis of unspecified deep vessels of right lower extremity,1,
ICD-10,I80.202,I80202,Phlebitis and thrombophlebitis of unspecified deep vessels of left lower extremity,1,
ICD-10,I80.203,I80203,"Phlebitis and thrombophlebitis of unspecified deep vessels of lower extremities, bilateral",1,
ICD-10,I80.209,I80209,Phlebitis and thrombophlebitis of unspecified deep vessels of unspecified lower extremity,1,
ICD-10,I80.211,I80211,Phlebitis and thrombophlebitis of right iliac vein,1,
ICD-10,I80.212,I80212,Phlebitis and thrombophlebitis of left iliac vein,1,
ICD-10,I80.213,I80213,"Phlebitis and thrombophlebitis of iliac vein, bilateral",1,
ICD-10,I80.219,I80219,Phlebitis and thrombophlebitis of unspecified iliac vein,1,
ICD-10,I80.221,I80221,Phlebitis and thrombophlebitis of right popliteal vein,1,
ICD-10,I80.222,I80222,Phlebitis and thrombophlebitis of left popliteal vein,1,
ICD-10,I80.223,I80223,"Phlebitis and thrombophlebitis of popliteal vein, bilateral",1,
ICD-10,I80.229,I80229,Phlebitis and thrombophlebitis of unspecified popliteal vein,1,
ICD-10,I80.231,I80231,Phlebitis and thrombophlebitis of right tibial vein,1,
ICD-10,I80.232,I80232,Phlebitis and thrombophlebitis of left tibial vein,1,
ICD-10,I80.233,I80233,"Phlebitis and thrombophlebitis of tibial vein, bilateral",1,
ICD-10,I80.239,I80239,Phlebitis and thrombophlebitis of unspecified tibial vein,1,
ICD-10,I80.291,I80291,Phlebitis and thrombophlebitis of other deep vessels of right lower extremity,1,
ICD-10,I80.292,I80292,Phlebitis and thrombophlebitis of other deep vessels of left lower extremity,1,
ICD-10,I80.293,I80293,"Phlebitis and thrombophlebitis of other deep vessels of lower extremity, bilateral",1,
ICD-10,I80.299,I80299,Phlebitis and thrombophlebitis of other deep vessels of unspecified lower extremity,1,
ICD-10,I80.8,I808,Phlebitis and thrombophlebitis of other sites,1,
ICD-10,I82.0,I820,Budd-Chiari syndrome,1,
ICD-10,I82.220,I82220,Acute embolism and thrombosis of inferior vena cava,1,
ICD-10,I82.221,I82221,Chronic embolism and thrombosis of inferior vena cava,1,
ICD-10,I82.290,I82290,Acute embolism and thrombosis of other thoracic veins,1,
ICD-10,I82.291,I82291,Chronic embolism and thrombosis of other thoracic veins,1,
ICD-10,I82.3,I823,Embolism and thrombosis of renal vein,1,
ICD-10,I82.401,I82401,Acute embolism and thrombosis of unspecified deep veins of right lower extremity,1,
ICD-10,I82.402,I82402,Acute embolism and thrombosis of unspecified deep veins of left lower extremity,1,
ICD-10,I82.403,I82403,"Acute embolism and thrombosis of unspecified deep veins of lower extremity, bilateral",1,
ICD-10,I82.409,I82409,Acute embolism and thrombosis of unspecified deep veins of unspecified lower extremity,1,
ICD-10,I82.411,I82411,Acute embolism and thrombosis of right femoral vein,1,
ICD-10,I82.412,I82412,Acute embolism and thrombosis of left femoral vein,1,
ICD-10,I82.413,I82413,"Acute embolism and thrombosis of femoral vein, bilateral",1,
ICD-10,I82.419,I82419,Acute embolism and thrombosis of unspecified femoral vein,1,
ICD-10,I82.421,I82421,Acute embolism and thrombosis of right iliac vein,1,
ICD-10,I82.422,I82422,Acute embolism and thrombosis of left iliac vein,1,
ICD-10,I82.423,I82423,"Acute embolism and thrombosis of iliac vein, bilateral",1,
ICD-10,I82.429,I82429,Acute embolism and thrombosis of unspecified iliac vein,1,
ICD-10,I82.431,I82431,Acute embolism and thrombosis of right popliteal vein,1,
ICD-10,I82.432,I82432,Acute embolism and thrombosis of left popliteal vein,1,
ICD-10,I82.433,I82433,"Acute embolism and thrombosis of popliteal vein, bilateral",1,
ICD-10,I82.439,I82439,Acute embolism and thrombosis of unspecified popliteal vein,1,
ICD-10,I82.441,I82441,Acute embolism and thrombosis of right tibial vein,1,
ICD-10,I82.442,I82442,Acute embolism and thrombosis of left tibial vein,1,
ICD-10,I82.443,I82443,"Acute embolism and thrombosis of tibial vein, bilateral",1,
ICD-10,I82.449,I82449,Acute embolism and thrombosis of unspecified tibial vein,1,
ICD-10,I82.491,I82491,Acute embolism and thrombosis of other specified deep vein of right lower extremity,1,
ICD-10,I82.492,I82492,Acute embolism and thrombosis of other specified deep vein of left lower extremity,1,
ICD-10,I82.493,I82493,"Acute embolism and thrombosis of other specified deep vein of lower extremity, bilateral",1,
ICD-10,I82.499,I82499,Acute embolism and thrombosis of other specified deep vein of unspecified lower extremity,1,
ICD-10,I82.4Y1,I824Y1,Acute embolism and thrombosis of unspecified deep veins of right proximal lower extremity,1,
ICD-10,I82.4Y2,I824Y2,Acute embolism and thrombosis of unspecified deep veins of left proximal lower extremity,1,
ICD-10,I82.4Y3,I824Y3,"Acute embolism and thrombosis of unspecified deep veins of proximal lower extremity, bilateral",1,
ICD-10,I82.4Y9,I824Y9,Acute embolism and thrombosis of unspecified deep veins of unspecified proximal lower extremity,1,
ICD-10,I82.4Z1,I824Z1,Acute embolism and thrombosis of unspecified deep veins of right distal lower extremity,1,
ICD-10,I82.4Z2,I824Z2,Acute embolism and thrombosis of unspecified deep veins of left distal lower extremity,1,
ICD-10,I82.4Z3,I824Z3,"Acute embolism and thrombosis of unspecified deep veins of distal lower extremity, bilateral",1,
ICD-10,I82.4Z9,I824Z9,Acute embolism and thrombosis of unspecified deep veins of unspecified distal lower extremity,1,
ICD-10,I82.501,I82501,Chronic embolism and thrombosis of unspecified deep veins of right lower extremity,1,
ICD-10,I82.502,I82502,Chronic embolism and thrombosis of unspecified deep veins of left lower extremity,1,
ICD-10,I82.503,I82503,"Chronic embolism and thrombosis of unspecified deep veins of lower extremity, bilateral",1,
ICD-10,I82.509,I82509,Chronic embolism and thrombosis of unspecified deep veins of unspecified lower extremity,1,
ICD-10,I82.511,I82511,Chronic embolism and thrombosis of right femoral vein,1,
ICD-10,I82.512,I82512,Chronic embolism and thrombosis of left femoral vein,1,
ICD-10,I82.513,I82513,"Chronic embolism and thrombosis of femoral vein, bilateral",1,
ICD-10,I82.519,I82519,Chronic embolism and thrombosis of unspecified femoral vein,1,
ICD-10,I82.521,I82521,Chronic embolism and thrombosis of right iliac vein,1,
ICD-10,I82.522,I82522,Chronic embolism and thrombosis of left iliac vein,1,
ICD-10,I82.523,I82523,"Chronic embolism and thrombosis of iliac vein, bilateral",1,
ICD-10,I82.529,I82529,Chronic embolism and thrombosis of unspecified iliac vein,1,
ICD-10,I82.531,I82531,Chronic embolism and thrombosis of right popliteal vein,1,
ICD-10,I82.532,I82532,Chronic embolism and thrombosis of left popliteal vein,1,
ICD-10,I82.533,I82533,"Chronic embolism and thrombosis of popliteal vein, bilateral",1,
ICD-10,I82.539,I82539,Chronic embolism and thrombosis of unspecified popliteal vein,1,
ICD-10,I82.541,I82541,Chronic embolism and thrombosis of right tibial vein,1,
ICD-10,I82.542,I82542,Chronic embolism and thrombosis of left tibial vein,1,
ICD-10,I82.543,I82543,"Chronic embolism and thrombosis of tibial vein, bilateral",1,
ICD-10,I82.549,I82549,Chronic embolism and thrombosis of unspecified tibial vein,1,
ICD-10,I82.551,I82551,Chronic embolism and thrombosis of right peroneal vein,1,
ICD-10,I82.552,I82552,Chronic embolism and thrombosis of left peroneal vein,1,
ICD-10,I82.553,I82553,"Chronic embolism and thrombosis of peroneal vein, bilateral",1,
ICD-10,I82.559,I82559,Chronic embolism and thrombosis of unspecified peroneal vein,1,
ICD-10,I82.561,I82561,Chronic embolism and thrombosis of right calf muscular vein,1,
ICD-10,I82.562,I82562,Chronic embolism and thrombosis of left calf muscular vein,1,
ICD-10,I82.563,I82563,"Chronic embolism and thrombosis of calf muscular vein, bilateral",1,
ICD-10,I82.569,I82569,Chronic embolism and thrombosis of unspecified calf muscular vein,1,
ICD-10,I82.591,I82591,Chronic embolism and thrombosis of other specified deep vein of right lower extremity,1,
ICD-10,I82.592,I82592,Chronic embolism and thrombosis of other specified deep vein of left lower extremity,1,
ICD-10,I82.593,I82593,"Chronic embolism and thrombosis of other specified deep vein of lower extremity, bilateral",1,
ICD-10,I82.599,I82599,Chronic embolism and thrombosis of other specified deep vein of unspecified lower extremity,1,
ICD-10,I82.5Y1,I825Y1,Chronic embolism and thrombosis of unspecified deep veins of right proximal lower extremity,1,
ICD-10,I82.5Y2,I825Y2,Chronic embolism and thrombosis of unspecified deep veins of left proximal lower extremity,1,
ICD-10,I82.5Y3,I825Y3,"Chronic embolism and thrombosis of unspecified deep veins of proximal lower extremity, bilateral",1,
ICD-10,I82.5Y9,I825Y9,Chronic embolism and thrombosis of unspecified deep veins of unspecified proximal lower extremity,1,
ICD-10,I82.5Z1,I825Z1,Chronic embolism and thrombosis of unspecified deep veins of right distal lower extremity,1,
ICD-10,I82.5Z2,I825Z2,Chronic embolism and thrombosis of unspecified deep veins of left distal lower extremity,1,
ICD-10,I82.5Z3,I825Z3,"Chronic embolism and thrombosis of unspecified deep veins of distal lower extremity, bilateral",1,
ICD-10,I82.5Z9,I825Z9,Chronic embolism and thrombosis of unspecified deep veins of unspecified distal lower extremity,1,
ICD-10,I82.601,I82601,Acute embolism and thrombosis of unspecified veins of right upper extremity,1,
ICD-10,I82.602,I82602,Acute embolism and thrombosis of unspecified veins of left upper extremity,1,
ICD-10,I82.603,I82603,"Acute embolism and thrombosis of unspecified veins of upper extremity, bilateral",1,
ICD-10,I82.609,I82609,Acute embolism and thrombosis of unspecified veins of unspecified upper extremity,1,
ICD-10,I82.611,I82611,Acute embolism and thrombosis of superficial veins of right upper extremity,1,
ICD-10,I82.612,I82612,Acute embolism and thrombosis of superficial veins of left upper extremity,1,
ICD-10,I82.613,I82613,"Acute embolism and thrombosis of superficial veins of upper extremity, bilateral",1,
ICD-10,I82.619,I82619,Acute embolism and thrombosis of superficial veins of unspecified upper extremity,1,
ICD-10,I82.621,I82621,Acute embolism and thrombosis of deep veins of right upper extremity,1,
ICD-10,I82.622,I82622,Acute embolism and thrombosis of deep veins of left upper extremity,1,
ICD-10,I82.623,I82623,"Acute embolism and thrombosis of deep veins of upper extremity, bilateral",1,
ICD-10,I82.629,I82629,Acute embolism and thrombosis of deep veins of unspecified upper extremity,1,
ICD-10,I82.701,I82701,Chronic embolism and thrombosis of unspecified veins of right upper extremity,1,
ICD-10,I82.702,I82702,Chronic embolism and thrombosis of unspecified veins of left upper extremity,1,
ICD-10,I82.703,I82703,"Chronic embolism and thrombosis of unspecified veins of upper extremity, bilateral",1,
ICD-10,I82.709,I82709,Chronic embolism and thrombosis of unspecified veins of unspecified upper extremity,1,
ICD-10,I82.711,I82711,Chronic embolism and thrombosis of superficial veins of right upper extremity,1,
ICD-10,I82.712,I82712,Chronic embolism and thrombosis of superficial veins of left upper extremity,1,
ICD-10,I82.713,I82713,"Chronic embolism and thrombosis of superficial veins of upper extremity, bilateral",1,
ICD-10,I82.719,I82719,Chronic embolism and thrombosis of superficial veins of unspecified upper extremity,1,
ICD-10,I82.721,I82721,Chronic embolism and thrombosis of deep veins of right upper extremity,1,
ICD-10,I82.722,I82722,Chronic embolism and thrombosis of deep veins of left upper extremity,1,
ICD-10,I82.723,I82723,"Chronic embolism and thrombosis of deep veins of upper extremity, bilateral",1,
ICD-10,I82.729,I82729,Chronic embolism and thrombosis of deep veins of unspecified upper extremity,1,
ICD-10,I82.A11,I82A11,Acute embolism and thrombosis of right axillary vein,1,
ICD-10,I82.A12,I82A12,Acute embolism and thrombosis of left axillary vein,1,
ICD-10,I82.A13,I82A13,"Acute embolism and thrombosis of axillary vein, bilateral",1,
ICD-10,I82.A19,I82A19,Acute embolism and thrombosis of unspecified axillary vein,1,
ICD-10,I82.A21,I82A21,Chronic embolism and thrombosis of right axillary vein,1,
ICD-10,I82.A22,I82A22,Chronic embolism and thrombosis of left axillary vein,1,
ICD-10,I82.A23,I82A23,"Chronic embolism and thrombosis of axillary vein, bilateral",1,
ICD-10,I82.A29,I82A29,Chronic embolism and thrombosis of unspecified axillary vein,1,
ICD-10,I82.B11,I82B11,Acute embolism and thrombosis of right subclavian vein,1,
ICD-10,I82.B12,I82B12,Acute embolism and thrombosis of left subclavian vein,1,
ICD-10,I82.B13,I82B13,"Acute embolism and thrombosis of subclavian vein, bilateral",1,
ICD-10,I82.B19,I82B19,Acute embolism and thrombosis of unspecified subclavian vein,1,
ICD-10,I82.B21,I82B21,Chronic embolism and thrombosis of right subclavian vein,1,
ICD-10,I82.B22,I82B22,Chronic embolism and thrombosis of left subclavian vein,1,
ICD-10,I82.B23,I82B23,"Chronic embolism and thrombosis of subclavian vein, bilateral",1,
ICD-10,I82.B29,I82B29,Chronic embolism and thrombosis of unspecified subclavian vein,1,
ICD-10,I82.C11,I82C11,Acute embolism and thrombosis of right internal jugular vein,1,
ICD-10,I82.C12,I82C12,Acute embolism and thrombosis of left internal jugular vein,1,
ICD-10,I82.C13,I82C13,"Acute embolism and thrombosis of internal jugular vein, bilateral",1,
ICD-10,I82.C19,I82C19,Acute embolism and thrombosis of unspecified internal jugular vein,1,
ICD-10,I82.C21,I82C21,Chronic embolism and thrombosis of right internal jugular vein,1,
ICD-10,I82.C22,I82C22,Chronic embolism and thrombosis of left internal jugular vein,1,
ICD-10,I82.C23,I82C23,"Chronic embolism and thrombosis of internal jugular vein, bilateral",1,
ICD-10,I82.C29,I82C29,Chronic embolism and thrombosis of unspecified internal jugular vein,1,
ICD-10,I82.811,I82811,Embolism and thrombosis of superficial veins of right lower extremity,1,
ICD-10,I82.812,I82812,Embolism and thrombosis of superficial veins of left lower extremity,1,
ICD-10,I82.813,I82813,"Embolism and thrombosis of superficial veins of lower extremities, bilateral",1,
ICD-10,I82.819,I82819,Embolism and thrombosis of superficial veins of unspecified lower extremity,1,
ICD-10,I82.890,I82890,Acute embolism and thrombosis of other specified veins,1,
ICD-10,I82.891,I82891,Chronic embolism and thrombosis of other specified veins,1,
ICD-10,I82.90,I8290,Acute embolism and thrombosis of unspecified vein,1,
ICD-10,I82.91,I8291,Chronic embolism and thrombosis of unspecified vein,1,
ICD-10,I83.001,I83001,Varicose veins of unspecified lower extremity with ulcer of thigh,1,
ICD-10,I83.002,I83002,Varicose veins of unspecified lower extremity with ulcer of calf,1,
ICD-10,I83.003,I83003,Varicose veins of unspecified lower extremity with ulcer of ankle,1,
ICD-10,I83.004,I83004,Varicose veins of unspecified lower extremity with ulcer of heel and midfoot,1,
ICD-10,I83.005,I83005,Varicose veins of unspecified lower extremity with ulcer other part of foot,1,
ICD-10,I83.008,I83008,Varicose veins of unspecified lower extremity with ulcer other part of lower leg,1,
ICD-10,I83.009,I83009,Varicose veins of unspecified lower extremity with ulcer of unspecified site,1,
ICD-10,I83.011,I83011,Varicose veins of right lower extremity with ulcer of thigh,1,
ICD-10,I83.012,I83012,Varicose veins of right lower extremity with ulcer of calf,1,
ICD-10,I83.013,I83013,Varicose veins of right lower extremity with ulcer of ankle,1,
ICD-10,I83.014,I83014,Varicose veins of right lower extremity with ulcer of heel and midfoot,1,
ICD-10,I83.015,I83015,Varicose veins of right lower extremity with ulcer other part of foot,1,
ICD-10,I83.018,I83018,Varicose veins of right lower extremity with ulcer other part of lower leg,1,
ICD-10,I83.019,I83019,Varicose veins of right lower extremity with ulcer of unspecified site,1,
ICD-10,I83.021,I83021,Varicose veins of left lower extremity with ulcer of thigh,1,
ICD-10,I83.022,I83022,Varicose veins of left lower extremity with ulcer of calf,1,
ICD-10,I83.023,I83023,Varicose veins of left lower extremity with ulcer of ankle,1,
ICD-10,I83.024,I83024,Varicose veins of left lower extremity with ulcer of heel and midfoot,1,
ICD-10,I83.025,I83025,Varicose veins of left lower extremity with ulcer other part of foot,1,
ICD-10,I83.028,I83028,Varicose veins of left lower extremity with ulcer other part of lower leg,1,
ICD-10,I83.029,I83029,Varicose veins of left lower extremity with ulcer of unspecified site,1,
ICD-10,I83.201,I83201,Varicose veins of unspecified lower extremity with both ulcer of thigh and inflammation,1,
ICD-10,I83.202,I83202,Varicose veins of unspecified lower extremity with both ulcer of calf and inflammation,1,
ICD-10,I83.203,I83203,Varicose veins of unspecified lower extremity with both ulcer of ankle and inflammation,1,
ICD-10,I83.204,I83204,Varicose veins of unspecified lower extremity with both ulcer of heel and midfoot and inflammation,1,
ICD-10,I83.205,I83205,Varicose veins of unspecified lower extremity with both ulcer other part of foot and inflammation,1,
ICD-10,I83.208,I83208,Varicose veins of unspecified lower extremity with both ulcer of other part of lower extremity and inflammation,1,
ICD-10,I83.209,I83209,Varicose veins of unspecified lower extremity with both ulcer of unspecified site and inflammation,1,
ICD-10,I83.211,I83211,Varicose veins of right lower extremity with both ulcer of thigh and inflammation,1,
ICD-10,I83.212,I83212,Varicose veins of right lower extremity with both ulcer of calf and inflammation,1,
ICD-10,I83.213,I83213,Varicose veins of right lower extremity with both ulcer of ankle and inflammation,1,
ICD-10,I83.214,I83214,Varicose veins of right lower extremity with both ulcer of heel and midfoot and inflammation,1,
ICD-10,I83.215,I83215,Varicose veins of right lower extremity with both ulcer other part of foot and inflammation,1,
ICD-10,I83.218,I83218,Varicose veins of right lower extremity with both ulcer of other part of lower extremity and inflammation,1,
ICD-10,I83.219,I83219,Varicose veins of right lower extremity with both ulcer of unspecified site and inflammation,1,
ICD-10,I83.221,I83221,Varicose veins of left lower extremity with both ulcer of thigh and inflammation,1,
ICD-10,I83.222,I83222,Varicose veins of left lower extremity with both ulcer of calf and inflammation,1,
ICD-10,I83.223,I83223,Varicose veins of left lower extremity with both ulcer of ankle and inflammation,1,
ICD-10,I83.224,I83224,Varicose veins of left lower extremity with both ulcer of heel and midfoot and inflammation,1,
ICD-10,I83.225,I83225,Varicose veins of left lower extremity with both ulcer other part of foot and inflammation,1,
ICD-10,I83.228,I83228,Varicose veins of left lower extremity with both ulcer of other part of lower extremity and inflammation,1,
ICD-10,I83.229,I83229,Varicose veins of left lower extremity with both ulcer of unspecified site and inflammation,1,
ICD-10,I87.011,I87011,Postthrombotic syndrome with ulcer of right lower extremity,1,
ICD-10,I87.012,I87012,Postthrombotic syndrome with ulcer of left lower extremity,1,
ICD-10,I87.013,I87013,Postthrombotic syndrome with ulcer of bilateral lower extremity,1,
ICD-10,I87.019,I87019,Postthrombotic syndrome with ulcer of unspecified lower extremity,1,
ICD-10,I87.031,I87031,Postthrombotic syndrome with ulcer and inflammation of right lower extremity,1,
ICD-10,I87.032,I87032,Postthrombotic syndrome with ulcer and inflammation of left lower extremity,1,
ICD-10,I87.033,I87033,Postthrombotic syndrome with ulcer and inflammation of bilateral lower extremity,1,
ICD-10,I87.039,I87039,Postthrombotic syndrome with ulcer and inflammation of unspecified lower extremity,1,
ICD-10,I87.311,I87311,Chronic venous hypertension (idiopathic) with ulcer of right lower extremity,1,
ICD-10,I87.312,I87312,Chronic venous hypertension (idiopathic) with ulcer of left lower extremity,1,
ICD-10,I87.313,I87313,Chronic venous hypertension (idiopathic) with ulcer of bilateral lower extremity,1,
ICD-10,I87.319,I87319,Chronic venous hypertension (idiopathic) with ulcer of unspecified lower extremity,1,
ICD-10,I87.321,I87321,Chronic venous hypertension (idiopathic) with inflammation of right lower extremity,1,
ICD-10,I87.322,I87322,Chronic venous hypertension (idiopathic) with inflammation of left lower extremity,1,
ICD-10,I87.323,I87323,Chronic venous hypertension (idiopathic) with inflammation of bilateral lower extremity,1,
ICD-10,I87.329,I87329,Chronic venous hypertension (idiopathic) with inflammation of unspecified lower extremity,1,
ICD-10,I87.331,I87331,Chronic venous hypertension (idiopathic) with ulcer and inflammation of right lower extremity,1,
ICD-10,I87.332,I87332,Chronic venous hypertension (idiopathic) with ulcer and inflammation of left lower extremity,1,
ICD-10,I87.333,I87333,Chronic venous hypertension (idiopathic) with ulcer and inflammation of bilateral lower extremity,1,
ICD-10,I87.339,I87339,Chronic venous hypertension (idiopathic) with ulcer and inflammation of unspecified lower extremity,1,
ICD-10,I96,I96,"Gangrene, not elsewhere classified",1,
ICD-10,K55.011,K55011,Focal (segmental) acute (reversible) ischemia of small intestine,1,
ICD-10,K55.012,K55012,Diffuse acute (reversible) ischemia of small intestine,1,
ICD-10,K55.019,K55019,"Acute (reversible) ischemia of small intestine, extent unspecified",1,
ICD-10,K55.021,K55021,Focal (segmental) acute infarction of small intestine,1,
ICD-10,K55.022,K55022,Diffuse acute infarction of small intestine,1,
ICD-10,K55.029,K55029,"Acute infarction of small intestine, extent unspecified",1,
ICD-10,K55.031,K55031,Focal (segmental) acute (reversible) ischemia of large intestine,1,
ICD-10,K55.032,K55032,Diffuse acute (reversible) ischemia of large intestine,1,
ICD-10,K55.039,K55039,"Acute (reversible) ischemia of large intestine, extent unspecified",1,
ICD-10,K55.041,K55041,Focal (segmental) acute infarction of large intestine,1,
ICD-10,K55.042,K55042,Diffuse acute infarction of large intestine,1,
ICD-10,K55.049,K55049,"Acute infarction of large intestine, extent unspecified",1,
ICD-10,K55.051,K55051,"Focal (segmental) acute (reversible) ischemia of intestine, part unspecified",1,
ICD-10,K55.052,K55052,"Diffuse acute (reversible) ischemia of intestine, part unspecified",1,
ICD-10,K55.059,K55059,"Acute (reversible) ischemia of intestine, part and extent unspecified",1,
ICD-10,K55.061,K55061,"Focal (segmental) acute infarction of intestine, part unspecified",1,
ICD-10,K55.062,K55062,"Diffuse acute infarction of intestine, part unspecified",1,
ICD-10,K55.069,K55069,"Acute infarction of intestine, part and extent unspecified",1,
ICD-10,K55.1,K551,Chronic vascular disorders of intestine,1,
ICD-10,K55.8,K558,Other vascular disorders of intestine,1,
ICD-10,K55.9,K559,"Vascular disorder of intestine, unspecified",1,
ICD-10,N28.0,N280,Ischemia and infarction of kidney,1,
ICD-10,T80.0XXA,T800XXA,"Air embolism following infusion, transfusion and therapeutic injection, initial encounter",1,
ICD-10,T81.718A,T81718A,"Complication of other artery following a procedure, not elsewhere classified, initial encounter",1,
ICD-10,T81.719A,T81719A,"Complication of unspecified artery following a procedure, not elsewhere classified, initial encounter",1,
ICD-10,T81.72XA,T8172XA,"Complication of vein following a procedure, not elsewhere classified, initial encounter",1,
