code,name
40010,HOSPITAL UNIVERSITARIO TORRECARDENAS
40031,HOSPITAL DE  LA CRUZ ROJA DE ALMERIA
110327,HOSPITAL UNIVERSITARIO PUERTA DEL MAR
110305,HOSPITAL SAN  CARLOS DE SAN FERNANDO
140230,HOSPITAL UNIVERSITARIO REINA SOFIA
140060,HOSPITAL PROVINCIAL
140039,HOSPITAL LOS MORALES
140044,HOSPITAL MATERNO - INFANTIL DEL H.U. REINA SOFIA
180016,HOSPITAL UNIVERSITARIO VIRGEN DE LAS NIEVES
180166,HOSPITAL MATERNO-INFANTIL DEL H.U. VIRGEN DE LAS NIEVES
180042,HOSPITAL  DE NEUROTRAUMATOLOGIA Y REHABILITACION DEL H.U. VIRGEN DE LAS NIEVES
210123,HOSPITAL UNIVERSITARIO JUAN RAMON JIMENEZ
210031,HOSPITAL VAZQUEZ  DIAZ
230011,HOSPITAL UNIVERSITARIO DE JAEN
230047,HOSPITAL NEUROTRAUMATOLOGICO DEL H.U. DE JAEN
230026,HOSPITAL DOCTOR  SAGAZ
230151,HOSPITAL MATERNO-INFANTIL DEL H.U. DE JAEN
40084,HOSPITAL LA INMACULADA
40118,HOSPITAL DE PONIENTE
40101,HOSPITAL  MEDITERRANEO
40127,HOSPITAL DE ALTA RESOLUCION ELTOYO
110271,CLINICA SERMAN - INSTITUTO MEDICO
110162,HOSPITAL GENERAL SANTA MARIA DEL PUERTO
110125,HOSPITAL SAN  JUAN GRANDE
110051,HOSPITAL SAN RAFAEL
110259,HOSPITAL PUNTA DE EUROPA
110110,HOSPITAL UNIVERSITARIO DE JEREZ DE LA FRONTERA
110184,HOSPITAL UNIVERSITARIO DE PUERTO REAL
110048,CLINICA LA SALUD
110218,HOSPITAL VIRGEN DE LAS MONTAÑAS
110223,HOSPITAL VIRGEN DEL CAMINO
110239,HOSPITAL JEREZ PUERTA DEL SUR
110103,CLINICA LOS ALAMOS
110260,HOSPITAL VIAMED NOVO SANCTI PETRI
110248,HOSPITAL VIAMED BAHIA DE CADIZ
110282,HOSPITAL QUIRON CAMPO DE GIBRALTAR
110316,HOSPITAL DE LA LINEA DE LA CONCEPCION
140116,HOSPITAL INFANTA  MARGARITA
140121,HOSPITAL  VALLE DE LOS PEDROCHES
140082,HOSPITAL SAN JUAN DE DIOS DE CORDOBA
140076,HOSPITAL CRUZ ROJA DE CORDOBA
140195,HOSPITAL DE MONTILLA
140218,HOSPITAL DE ALTA RESOLUCION  DE PUENTE GENIL
140229,HOSPITAL DE ALTA RESOLUCION VALLE DEL GUADIATO
140241,HOSPITAL QUIRONSALUD CORDOBA
180074,HOSPITAL DE LA INMACULADA CONCEPCION
180093,HOSPITAL DE BAZA
180107,HOSPITAL SANTA ANA
180055,HOSPITAL SAN RAFAEL
180122,HOSPITAL DE ALTA RESOLUCION DE  GUADIX
180133,HOSPITAL DE ALTA RESOLUCIÃN DE LOJA
180146,HOSPITAL VITHAS LA SALUD
180150,HOSPITAL UNIVERSITARIO CLINICO SAN CECILIO
210025,HOSPITAL INFANTA ELENA
210097,HOSPITAL DE RIOTINTO
210084,CLINICA LOS NARANJOS
210137,HOSPITAL QUIRONSALUD HUELVA
210148,HOSPITAL VIRGEN DE LA BELLA
230079,HOSPITAL  SAN AGUSTIN
230098,HOSPITAL SAN JUAN DE LA CRUZ
230063,CLINICA CRISTO REY
230145,HOSPITAL ALTO GUADALQUIVIR
230162,HOSPITAL DE ALTA RESOLUCION SIERRA DE SEGURA
230173,HOSPITAL DE ALTA RESOLUCION DE ALCAUDETE
230195,HOSPITAL PUERTA DE ANDALUCÍA
290017,HOSPITAL UNIVERSITARIO REGIONAL DE MALAGA
290265,HOSPITAL MATERNO INFANTIL DEL H.U.R.  DE  MALAGA
290038,HOSPITAL CIVIL
290022,HOSPITAL UNIVERSITARIO VIRGEN DE LA VICTORIA
290213,HOSPITAL MARITIMO DE  TORREMOLINOS
290517,HOSPITAL VALLE DE GUADALHORCE DE  CARTAMA
410021,HOSPITAL UNIVERSITARIO VIRGEN DE VALME
410227,HOSPITAL EL TOMILLAR
410042,HOSPITAL UNIVERSITARIO VIRGEN MACARENA
410055,HOSPITAL SAN  LAZARO
410016,HOSPITAL UNIVERSITARIO VIRGEN DEL ROCIO
410093,HOSPITAL DUQUES DEL INFANTADO
410443,HOSPITAL DE REHABILITACION Y TRAUMATOLOGIA DEL H.U.  VIRGEN DEL ROCIO
410465,HOSPITAL INFANTIL
410476,HOSPITAL DE LA  MUJER
230184,HOSPITAL DE ALTA RESOLUCION DE ALCALA LA REAL
290287,HOSPITAL COSTA DEL SOL
290206,HOSPITAL DE LA AXARQUIA
290081,HOSPITAL VITHAS PARQUE SAN ANTONIO
290141,CLINICA NUESTRA SEÑORA DEL PILAR
290115,CLINICA DE LA ENCARNACION
290108,HOSPITAL DR. GALVEZ
290228,CLINICA SANTA ELENA
290094,HOSPITAL EL ANGEL
290075,CENTRO ASISTENCIAL HNAS. HOSPITALARIAS DEL  SAGRADO CORAZON DE JESUS
290348,CLINICA EL SERANIL
290154,HOSPITAL  DE ANTEQUERA
290173,HOSPITAL QUIRONSALUD MARBELLA
290069,CENTRO ASISTENCIAL SAN JUAN DE DIOS
290136,HOSPITAL PSIQUIATRICO SAN FRANCISCO DE ASIS
290359,HC MARBELLA INTERNATIONAL HOSPITAL
290416,COMUNIDAD TERAPEUTICA SAN ANTONIO
290461,HOSPITAL OCHOA
290382,HOSPITEN ESTEPONA
290405,HOSPITAL VITHAS XANIT INTERNACIONAL
290427,HOSPITAL DE ALTA RESOLUCION DE BENALMADENA
290449,HOSPITAL QUIRONSALUD MALAGA
290472,CENTRO DE REPRODUCCION ASISTIDA DE MARBELLA (CERAM)
290506,HOSPITAL DE LA SERRANIA
410114,HOSPITAL QUIRONSALUD SAGRADO CORAZON
410325,"FREMAP, HOSPITAL Y CENTRO DE REHABILITACION DE SEVILLA"
410074,HOSPITAL VICTORIA EUGENIA DE LA CRUZ ROJA ESPAÑOLA
410107,CLINICA SANTA ISABEL
410251,HOSPITAL LA MERCED
410080,HOSPITAL SAN JUAN DE DIOS DE SEVILLA
410248,HOSPITAL DE ALTA RESOLUCION DE MORON DE LA FRONTERA
410353,HOSPITAL SAN JUAN DE DIOS DEL ALJARAFE
410212,RESIDENCIA DE SALUD MENTAL NUESTRA SEÑORA DEL CARMEN
410483,"CENTRO ABB, SL"
410135,HOSPITAL QUIRONSALUD INFANTA LUISA
410233,HOSPITAL SAN AGUSTIN
410375,HOSPITAL NISA SEVILLA-ALJARAFE
410386,HOSPITAL DE ALTA RESOLUCION DE UTRERA
410409,HOSPITAL VIAMED SANTA ANGELA DE LA CRUZ
410419,HOSPITAL DE ALTA RESOLUCION DE ECIJA
410346,HOSPITAL PSIQUIATRICO PENITENCIARIO
410432,CLINICA DE SALUD MENTAL MIGUEL DE MAÑARA
410496,"ADINFA, SOCIEDAD COOPERATIVA ANDALUZA"
220036,HOSPITAL SAGRADO CORAZON DE JESUS
220015,HOSPITAL UNIVERSITARIO SAN JORGE
220054,HOSPITAL DE BARBASTRO
410454,HOSPITAL DE ALTA RESOLUCIÓN DE LEBRIJA
220089,HOSPITAL DE JACA SALUD
220041,HOSPITAL VIAMED SANTIAGO
220105,CENTRO SANITARIO BAJO CINCA-BAIX CINCA
440048,HOSPITAL DE ALCAÑIZ
440012,HOSPITAL OBISPO POLANCO
440027,HOSPITAL DE SAN JOSE
440033,CENTRO DE REHABILITACION PSICOSOCIAL SAN JUAN DE DIOS
500114,HOSPITAL SAN JUAN DE DIOS
500129,HOSPITAL QUIRONSALUD ZARAGOZA
500068,CENTRO DE REHABILITACION PSICOSOCIAL NUESTRA SEÑORA DEL PILAR
500093,"CLINICA MONTPELLIER, GRUPO HLA,  S.A.U"
500188,UNIDAD REHABILITADORA DE MEDIA ESTANCIA PROFESOR REY ARDID
500055,HOSPITAL ROYO VILLANOVA
500021,HOSPITAL UNIVERSITARIO MIGUEL SERVET
500107,CENTRO NEUROPSIQUIATRICO NUESTRA SEÑORA DEL CARMEN
500016,HOSPITAL CLINICO UNIVERSITARIO LOZANO BLESA
500135,CLINICA NUESTRA SEÑORA DEL PILAR
500153,HOSPITAL ERNEST LLUCH MARTIN
500074,HOSPITAL NUESTRA SEÑORA DE GRACIA
500172,UNIDAD DE REHABILITACION DE LARGA ESTANCIA
500195,HOSPITAL DE REHABILITACION PSIQUIATRICA PRISMA
500080,HOSPITAL MAZ
500218,HOSPITAL VIAMED MONTECANAL
500200,CENTRO SANITARIO CINCO VILLAS
500140,HOSPITAL GENERAL DE LA DEFENSA EN ZARAGOZA
500223,HOSPITAL HERNAN CORTES MIRAFLORES
330321,CENTRO SALUD MENTAL PEREZ ESPINOSA
330376,INSTITUTO OFTALMOLOGICO FERNANDEZ-VEGA
330254,FUNDACION SANATORIO ADARO
330138,HOSPITAL CARMEN Y SEVERO OCHOA
330241,HOSPITAL VALLE DEL NALON
330045,HOSPITAL MONTE NARANCO
330313,HOSPITAL DE LUARCA
330208,HOSPITAL  BEGOÑA
330077,CLINICA ASTURIAS
330306,HOSPITAL DEL ORIENTE DE ASTURIAS FRANCISCO GRANDE COVIAN
330332,CLINICA PSIQUIATRICA SOMIO
330096,CLINICA SAN RAFAEL
330169,HOSPITAL CRUZ ROJA
330194,HOSPITAL DE JOVE
330100,HOSPITAL UNIVERSITARIO SAN AGUSTIN
330156,HOSPITAL UNIVERSITARIO DE CABUEÑES
330175,HOSPITAL COVADONGA
330061,CENTRO MEDICO DE ASTURIAS
330117,FUNDACION HOSPITAL DE AVILES
330143,HOSPITAL DE JARRIO
330354,HOSPITAL GIJON
330292,HOSPITAL UNIVERSITARIO CENTRAL DE ASTURIAS
330325,HOSPITAL VITAL ALVAREZ BUYLLA
330387,HOSPITAL DE CAMPAÑA SANITARIO (HCS144)
70309,HOSPITAL  DE MANACOR
70048,HOSPITAL GENERAL DE MALLORCA
70260,HOSPITAL JUANEDA MURO
70099,CLINICA ROTGER
70086,HOSPITAL SANT JOAN DE DEU
70295,CLINICA JUANEDA MAHON
70110,CLINICA JUANEDA
70131,JUANEDA MIRAMAR
70184,HOSPITAL CAN MISSES
70064,MUTUA BALEAR
70244,CLINICA JUANEDA MENORCA
70051,HOSPITAL PSIQUIATRIC
70162,HOSPITAL JOAN MARCH
70377,HOSPITAL COMARCAL D´INCA
70388,HOSPITAL MATEU ORFILA
70399,HOSPITAL UNIVERSITARI SON ESPASES
350311,HOSPITAL UNIVERSITARIO DE GRAN CANARIA DR. NEGRIN
350271,HOSPITAL SAN ROQUE DE GUIA
350069,HOSPITAL UNIVERSITARIO DE SALUD MENTAL JUAN CARLOS I
380178,HOSPITAL UNIVERSITARIO DE CANARIAS
380027,HOSPITAL UNIVERSITARIO NUESTRA SEÑORA DE LA CANDELARIA
380348,HOSPITAL DEL SUR
380337,HOSPITAL DEL NORTE
380033,HOSPITAL DEL TORAX
380048,HOSPITAL PSIQUIATRICO DE TENERIFE
50013,HOSPITAL NUESTRA SEÑORA DE SONSOLES (COMPLEJO ASISTENCIAL DE AVILA)
50034,HOSPITAL PROVINCIAL DE AVILA (COMPLEJO ASISTENCIAL DE AVILA)
90155,HOSPITAL UNIVERSITARIO DE BURGOS (COMPLEJO ASISTENCIAL UNIVER. DE BURGOS)
90026,HOSPITAL FUENTE BERMEJA (COMPLEJO ASISTENCIAL UNIVERSITARIO DE BURGOS)
240016,HOSPITAL DE LEON (COMPLEJO ASISTENCIAL UNIVERSITARIO DE LEON)
70070,HOSPITAL DE LA CREU ROJA ESPANYOLA
70333,HOSPITAL SON LLATZER
70344,HOSPITAL QUIRONSALUD PALMAPLANAS
70366,HOSPITAL DE FORMENTERA
70412,HOSPITAL DE LLEVANT
70423,HOSPITAL QUIRONSALUD SON VERI
70434,CLINICA LUZ DE PALMA
350167,CLINICA CAJAL
350287,HOSPITAL CIUDAD DE TELDE
350154,HOSPITAL LA PALOMA
350206,HOSPITAL PERPETUO SOCORRO
350115,HOSPITAL SAN JOSE
350120,VITHAS HOSPITAL SANTA CATALINA
350326,HOSPITEN LANZAROTE
350265,QUINTA MEDICA DE REPOSO
350367,HOSPITAL SAN ROQUE MASPALOMAS
350173,CLINICA SAN ROQUE
350192,CLINICA BANDAMA
350290,COMPLEJO HOSPITALARIO UNIVERSITARIO INSULAR MATERNO INFANTIL
350252,HOSPITAL GENERAL DE FUERTEVENTURA
350390,CLINICA JORGANI
350228,HOSPITAL DOCTOR JOSE MOLINA OROSA
350249,HOSPITAL INSULAR DE LANZAROTE
380201,CLINICA VIDA
380103,HOSPITAL PARQUE
380359,CLINICA TARA
380282,HOSPITAL QUIRON SALUD COSTA ADEJE
380146,HOSPITEN SUR
380223,HOSPITEN BELLEVUE
380295,HOSPITEN RAMBLA
380086,HOSPITAL QUIRON SALUD TENERIFE
380064,HOSPITAL SAN JUAN DE DIOS TENERIFE
380276,HOSPITAL INSULAR NUESTRA SEÑORA DE LOS REYES
380244,HOSPITAL NUESTRA SEÑORA DE GUADALUPE
380316,HOSPITAL GENERAL DE LA PALMA
390015,HOSPITAL UNIVERSITARIO MARQUES DE VALDECILLA
390152,CLINICA MOMPIA
390134,HOSPITAL COMARCAL DE LAREDO
390054,HOSPITAL SANTA CLOTILDE
390041,HOSPITAL RAMON NEGRETE
390149,HOSPITAL SIERRALLANA
390067,CENTRO HOSPITALARIO PADRE MENNI
50049,HOSPITAL SANTA TERESA
50072,HOSPITAL DE SALUD MENTAL CASTA SALUD AREVALO
90079,HOSPITAL SANTOS REYES
90098,HOSPITAL SANTIAGO APOSTOL
90047,HOSPITAL RECOLETAS DE BURGOS
90050,HOSPITAL SAN JUAN DE DIOS BURGOS
240135,HOSPITAL EL BIERZO
240074,HOSPITAL HM SAN FRANCISCO
240021,HOSPITAL MONTE SAN ISIDRO COMPLEJO ASISTENCIAL UNIVERSITARIO DE LEON
240093,HOSPITAL SANTA ISABEL (COMPLEJO ASISTENCIAL UNIVERSITARIO DE LEON)
340014,HOSPITAL RIO CARRION (COMPLEJO ASISTENCIAL UNIVERSITARIO DE PALENCIA)
340029,HOSPITAL SAN TELMO (COMPLEJO ASISTENCIAL UNIVERSITARIO DE PALENCIA)
370037,HOSPITAL CLINICO UNIVERSITARIO DE SALAMANCA (COMPLEJO ASISTENCIAL UNIV.SA)
370074,HOSPITAL LOS MONTALVOS (COMPLEJO ASISTENCIAL UNIVERSITARIO DE SALAMANCA)
420011,HOSPITAL SANTA BARBARA (COMPLEJO ASISTENCIAL DE SORIA)
420026,HOSPITAL VIRGEN DEL MIRON (COMPLEJO ASISTENCIAL DE SORIA)
490013,HOSPITAL VIRGEN DE LA CONCHA (COMPLEJO ASISTENCIAL DE ZAMORA)
490028,HOSPITAL PROVINCIAL DE ZAMORA (COMPLEJO ASISTENCIAL DE ZAMORA)
490065,HOSPITAL DE BENAVENTE (COMPLEJO ASISTENCIAL DE ZAMORA)
20030,HOSPITAL GENERAL UNIVERSITARIO DE ALBACETE
20117,HOSPITAL UNIVERSITARIO NUESTRA SEÑORA  DEL PERPETUO SOCORRO
20158,CENTRO DE ATENCION A LA SALUD MENTAL LA MILAGROSA
450041,HOSPITAL PROVINCIAL NTRA.SRA.DE LA MISERICORDIA
450015,HOSPITAL VIRGEN DE LA SALUD
450020,HOSPITAL GERIATRICO VIRGEN DEL VALLE
240188,HOSPITAL SAN JUAN DE DIOS LEON
240055,REGLA HM HOSPITALES
240220,HOSPITAL VALLE DE LACIANA
340053,HOSPITAL RECOLETAS DE PALENCIA
340035,HOSPITAL PSIQUIATRICO SAN LUIS
340040,AREA PSIQUIATRICA DEL CENTRO ASISTENCIAL  SAN JUAN DE DIOS
370055,HOSPITAL GENERAL DE LA SANTISIMA TRINIDAD
400019,HOSPITAL GENERAL DE SEGOVIA (COMPLEJO ASISTENCIAL DE SEGOVIA)
400045,HOSPITAL RECOLETAS SEGOVIA NUESTRA SEÑORA DE LA MISERICORDIA
400058,UNIDAD DE REHABILITACION PSIQUIATRICA NUESTRA SEÑORA DE LA FUENCISLA
470029,HOSPITAL CLINICO UNIVERSITARIO DE VALLADOLID
470091,HOSPITAL MEDINA DEL CAMPO
470113,HOSPITAL RECOLETAS CAMPO GRANDE
470105,HOSPITAL DE VALLADOLID FELIPE II
470053,SANATORIO SAGRADO CORAZON
470014,HOSPITAL UNIVERSITARIO DEL RIO HORTEGA
470072,CENTRO HOSPITALARIO BENITO MENNI
490081,HOSPITAL RECOLETAS DE ZAMORA
20096,HOSPITAL DE HELLIN
20100,HOSPITAL QUIRONSALUD  ALBACETE
20061,HOSPITAL QUIRONSALUD SANTA CRISTINA
20136,HOSPITAL GENERAL DE ALMANSA
20147,HOSPITAL GENERAL DE VILLARROBLEDO
130049,HOSPITAL QUIRONSALUD CIUDAD REAL
130052,HOSPITAL GENERAL LA MANCHA CENTRO
130065,HOSPITAL VIRGEN DE ALTAGRACIA
130071,HOSPITAL SANTA BARBARA
130034,SERVICIOS SANITARIOS Y ASISTENCIALES
130087,HOSPITAL GENERAL DE VALDEPEÑAS
130127,HOSPITAL GENERAL DE CIUDAD REAL
130128,HOSPITAL GENERAL DE TOMELLOSO
160014,HOSPITAL VIRGEN DE LA LUZ
160053,"HOSPITAL RECOLETAS CUENCA, S.L.U."
190019,HOSPITAL UNIVERSITARIO DE GUADALAJARA
190030,CLINICA LA ANTIGUA
190061,U.R.R. DE ENFERMOS PSIQUICOS ALCOHETE
190045,CLINICA DOCTOR SANZ VAZQUEZ
190088,CENTRO DE ACOGIDA PROYECTO HOMBRE
450089,"CLINICA MARAZUELA, S.A."
450133,CENTRO DE TRATAMIENTO DE DROGODEPENDIENTES EL ALBA
450122,HOSPITAL QUIRONSALUD TOLEDO
450067,HOSPITAL GENERAL NUESTRA SEÑORA DEL PRADO
450036,HOSPITAL NACIONAL DE PARAPLEJICOS
80673,HOSPITAL MUNICIPAL DE BADALONA
80351,HESTIA PALAU.
80364,HOSPITAL UNIVERSITARI SAGRAT COR
80370,CLINICA CORACHAN
80386,CLINICA TRES TORRES
80291,HOSPITAL DE LA SANTA CREU I SANT PAU
80543,HESTIA DURAN I REYNALS
80399,HOSPITAL QUIRONSALUD BARCELONA
80403,CENTRE  MEDIC  DELFOS
80180,HOSPITAL EL PILAR
80497,CENTRE HOSPITALARI POLICLINICA BARCELONA
80556,"SERVEIS CLINICS, S.A."
80575,CLINICA COROLEU - SSR HESTIA.
80410,CENTRE MEDIC SANT JORDI DE SANT ANDREU
82167,CLINICA DIAGONAL
80057,HOSPITAL DEL MAR.
80431,HOSPITAL PLATO
80109,HOSPITAL CLINIC DE BARCELONA
80174,HOSPITAL DOS DE MAIG
80060,HOSPITAL DE L'ESPERANÇA.
80641,CLINICA PLANAS
80116,"FREMAP, HOSPITAL DE BARCELONA"
80137,CENTRE DE PREVENCIO I REHABILITACIO ASEPEYO
80142,CLINICA MC COPERNIC
80348,FUNDACIO PUIGVERT - IUNA
80312,NOU HOSPITAL EVANGELIC
80229,CLINICA NOSTRA SENYORA DEL REMEI
80168,HOSPITAL EGARSAT SANT HONORAT
80235,CLINICA SAGRADA FAMILIA
80214,HOSPITAL SANT RAFAEL
80044,"HOSPITAL CLINIC DE BARCELONA, SEU SABINO DE ARANA"
80327,HOSPITAL DE NENS DE BARCELONA
80478,"CENTRO MEDICO TEKNON,  GRUPO QUIRONSALUD"
80538,CENTRE D'OFTALMOLOGIA BARRAQUER
80333,INSTITUT GUTTMANN
80253,HOSPITAL MARE DE DEU DE LA MERCE
80692,HOSPITAL COMARCAL DE SANT BERNABE
80706,HOSPITAL COMARCAL SANT JAUME DE CALELLA
80713,HOSPITAL DE SANT JOAN DE DEU.
80728,CLINICA NOSTRA SENYORA DE GUADALUPE
80734,HOSPITAL GENERAL DE GRANOLLERS
80771,HOSPITAL GENERAL DE L'HOSPITALET
80752,HOSPITAL UNIVERSITARI DE BELLVITGE
80787,FUNDACIO SANITARIA SANT JOSEP
80826,HOSPITAL  DE  SANT  JAUME
80879,HOSPITAL DE SANT ANDREU
80850,CENTRE HOSPITALARI.
80832,CLINICA SANT JOSEP
80898,FUNDACIO HOSPITAL SANT JOAN DE DEU
80930,"CENTRE MEDIC MOLINS, SL"
80945,HOSPITAL DE MOLLET
80977,"BENITO MENNI,COMPLEX ASSISTENCIAL EN SALUT MENTAL."
80983,PARC SANITARI SANT JOAN DE DEU - RECINTE SANT BOI.
81000,HOSPITAL DE SANT CELONI.
81022,CASAL DE CURACIO
81038,HOSPITAL RESIDENCIA SANT CAMIL - CONSORCI SANITARI DEL GARRAF.
81069,FUNDACIO HOSPITAL DE L'ESPERIT SANT
81056,CENTRES ASSISTENCIALS DR. EMILI MIRA I LOPEZ (RECINTE TORRIBERA).
81081,HOSPITAL DE SANT LLATZER
81094,HOSPITAL UNIVERSITARI MUTUA DE TERRASSA
81115,CLINICA SANT JOSEP
81120,HOSPITAL DE LA SANTA CREU
81189,HOSPITAL SANT ANTONI ABAT - CONSORCI SANITARI DEL GARRAF.
80667,HOSPITAL UNIVERSITARI GERMANS TRIAS I PUJOL DE BADALONA
81075,HOSPITAL DE TERRASSA.
80958,HOSPITAL DE SABADELL
81108,HOSPITAL  GENERAL  DE  VIC
81141,HOSPITAL DE VILADECANS
80484,HOSPITAL  DE  BARCELONA
81234,CENTRE SOCIOSANITARI VERGE DEL PUIG
81228,PRYTANIS SANT BOI CENTRE SOCIOSANITARI
80689,CENTRE SOCIOSANITARI EL CARME
81192,CENTRE SOCIOSANITARI CAN TORRAS
81213,CENTRE GERIATRIC DEL MARESME
80863,HOSPITAL DE SANT JOAN DE DEU (MANRESA)
81304,RESIDENCIA PUIG-REIG
81287,RESIDENCIA L'ESTADA
81311,RESIDENCIA SANTA SUSANNA
81350,CENTRE POLIVALENT CAN FOSC
81379,HOSPITAL SOCIOSANITARI MUTUAM GUELL
81616,COMUNITAT TERAPEUTICA ARENYS DE MUNT
81728,HOSPITAL GENERAL PENITENCIARI
81430,HOSPITAL COMARCAL DE L'ALT PENEDES.
81461,INSTITUT CATALA D'ONCOLOGIA - HOSPITAL DURAN I REYNALS
81458,APTIMA CENTRE CLINIC - MUTUA DE TERRASSA
81483,SAR MONT MARTI
81496,REGINA SAR
81568,ITA MARESME
81326,HOSPITAL DE MATARO
81574,CLINICA LLURIA
81537,CENTRE VALLPARADIS
81580,ANTIC HOSPITAL DE SANT JAUME I SANTA MAGDALENA
81593,PARC SANITARI SANT JOAN DE DEU - NUMANCIA
81739,CENTRE SOCIOSANITARI DE L'HOSPITALET - CONSORCI SANITARI INTEGRAL
81605,PRYTANIS HOSPITALET CENTRE SOCIOSANITARI
81706,CENTRE COLLSEROLA MUTUAL
81649,HOSPITAL SOCIOSANITARI PERE VIRGILI
81661,BENITO MENNI COMPLEX ASSISTENCIAL EN SALUT MENTAL
81694,INSTITUT CATALA D'ONCOLOGIA - HOSPITAL GERMANS TRIAS I PUJOL
81672,HOSPITAL  SANITAS CIMA
81683,PARC SANITARI SANT JOAN DE DEU - BRIANS 1.
81885,HOSPITAL D'IGUALADA
81717,CENTRE SOCIOSANITARI SARQUAVITAE SANT JORDI
81784,CENTRE SOCIOSANITARI D'ESPLUGUES
81740,SAR LA SALUT JOSEP SERVAT
81795,CENTRE SOCIOSANITARI RICARD FORTUNY
81751,CLINICA CREU BLANCA
81919,PARC SANITARI SANT JOAN DE DEU-SERVEIS SANITARIS CENTRE PENITENCIARI BRIANS-2
81829,CENTRE FORUM
81762,HESTIA GRACIA
80155,CLINICA MC LONDRES
81830,CENTRE SOCIOSANITARI BLAUCLINIC DOLORS ALEU
81874,CLINICA GALATEA
81896,CENTRE SOCIAL I SANITARI FREDERICA MONTSENY
81964,UNITAT POLIVALENT SALUT MENTAL BARCELONA-NORD
82012,HOSPITAL QUIRON SALUD DEL VALLES - CLINICA DEL VALLES
81931,CENTRE SOCIOSANITARI SANT JORDI DE LA VALL D'HEBRON
81920,CENTRE INTEGRAL DE SERVEIS EN SALUT MENTAL COMUNITARIA
82156,CLINICA SANT ANTONI
81953,MAPFRE QUAVITAE BARCELONA
81347,HOSPITAL UNIVERSITARI VALL D'HEBRON
82045,HESTIA STAUROS
82066,HOSPITAL DE SANT JOAN DESPI MOISES BROGGI
82134,ITA MARESME
82145,CENTRE SOCIOSANITARI DEL CENTRE INTEGRAL DE SALUT COTXERES
82178,HOSPITAL SOCIOSANITARI DE MOLLET
82190,IVAN MAÑERO CLINIC
82189,CENTRE SOCIOSANITARI ISABEL ROIG
82236,CENTRE LA CREUETA
82246,UNITAT TERAPEUTICA-EDUCATIVA ACOMPANYA'M
82257,CAT BARCELONA
170097,CLINICA SALUS INFIRMORUM
170101,HOSPITAL DE SANT JAUME
170118,HOSPITAL DE CAMPDEVANOL
170123,HOSPITAL DE FIGUERES
170139,CLINICA SANTA CREU
170031,CLINICA BOFILL
170010,HOSPITAL UNIVERSITARI DE GIRONA DR. JOSEP TRUETA
170059,CLINICA GIRONA
170062,CLINICA QUIRURGICA ONYAR
170301,HOSPITAL SANTA CATERINA-IAS
170216,HOSPITAL PSIQUIATRIC
170160,HOSPITAL SOCIOSANITARI DE LLORET DE MAR
170176,HOSPITAL D'OLOT I COMARCAL DE LA GARROTXA
170195,HOSPITAL DE PALAMOS
170221,RESIDENCIA DE GENT GRAN PUIG D'EN ROCA
170237,HOSPITAL COMARCAL DE BLANES
170242,RESIDENCIA GERIATRICA MARIA GAY
170255,CENTRE SOCIOSANITARI MUTUAM GIRONA
170277,CENTRE SOCIOSANITARI DE PUIGCERDA
170288,CENTRE SOCIOSANITARI BERNAT JAUME
170299,INSTITUT CATALA D'ONCOLOGIA GIRONA - HOSPITAL JOSEP TRUETA
170323,CENTRE SOCIOSANITARI PARC HOSPITALARI MARTI I JULIA
170312,CENTRE PALAMOS GENT GRAN
170334,HOSPITAL DE CERDANYA / HOPITAL DE CERDAGNE
250077,CLINICA PSIQUIATRICA BELLAVISTA
250019,HOSPITAL UNIVERSITARI ARNAU DE VILANOVA DE LLEIDA.
250045,VITHAS HOSPITAL MONTSERRAT
250058,"CLINICA PERPETUO SOCORRO DE LERIDA, GRUPO HLA, SLU"
250024,HOSPITAL SANTA MARIA
250117,FUNDACIO SANT HOSPITAL.
250143,HOSPITAL COMARCAL DEL PALLARS
250156,ESPITAU VAL D'ARAN
250138,"CENTRE SANITARI DEL SOLSONES, FPC"
250169,HESTIA BALAGUER.
250175,RESIDENCIA TERRAFERMA
250181,"CASTELL D'OLIANA RESIDENCIAL,S.L"
250209,HOSPITAL JAUME NADAL MEROLES
250232,HOSPITAL SANT JOAN DE DEU LLEIDA
430108,CENTRE MQ REUS
430115,"VILLABLANCA SERVEIS ASSISTENCIALS, SA"
430120,"INSTITUT PERE MATA, S.A"
430069,CLINICA ACTIVA MUTUA 2008
430043,HOSPITAL DE SANT PAU I SANTA TECLA
430017,HOSPITAL UNIVERSITARI JOAN XXIII DE TARRAGONA
430022,HOSPITAL SOCIOSANITARI FRANCOLI
430056,HOSPITAL VIAMED MONEGAL
430173,HOSPITAL DE LA SANTA CREU
430189,CLINICA TERRES DE L'EBRE
430167,HOSPITAL DE TORTOSA VERGE DE LA CINTA
430081,HOSPITAL COMARCAL MORA D'EBRE
430228,PIUS HOSPITAL DE VALLS
430234,RESIDENCIA ALT CAMP
430213,POLICLINICA COMARCAL DEL VENDRELL.
430249,CENTRE SOCIOSANITARI CIUTAT DE REUS
430252,HOSPITAL COMARCAL D'AMPOSTA
430265,CENTRE SOCIOSANITARI LLEVANT
430276,RESIDENCIA VILA-SECA
430298,HOSPITAL DEL VENDRELL
430287,UNITAT POLIVALENT EN SALUT MENTAL D'AMPOSTA
430300,CENTRE SOCIOSANITARI I RESIDENCIA ASSISTIDA SALOU
430322,RESIDENCIA SANTA TECLA PONENT
60021,HOSPITAL UNIVERSITARIO DE BADAJOZ
60037,HOSPITAL MATERNO-INFANTIL
30190,SANATORIO SAN FRANCISCO DE BORJA FONTILLES
30351,HOSPITAL LA PEDRERA
30187,HOSPITAL SANT VICENT DEL RASPEIG
30041,VITHAS HOSPITAL PERPETUO INTERNACIONAL
30036,CLINICA VISTAHERMOSA GRUPO HLA
30067,HOSPITAL VIRGEN DE LOS LIRIOS
30204,HOSPITAL MARINA BAIXA DE LA VILA JOIOSA
30152,HOSPITAL GENERAL UNIVERSITARIO DE ELCHE
30092,HOSPITAL CLINICA BENIDORM
30211,HOSPITAL VEGA BAJA DE ORIHUELA
30298,HOSPITAL QUIRONSALUD TORREVIEJA
30328,HOSPITAL IMED LEVANTE
30128,HOSPITAL SAN CARLOS DE DENIA GRUPO HLA
30165,HOSPITAL GENERAL UNIVERSITARIO DE ELDA-VIRGEN DE LA SALUD
30015,HOSPITAL GENERAL UNIVERSITARIO DE ALICANTE
30339,HOSPITAL UNIVERSITARIO DE TORREVIEJA
30226,HOSPITAL  MEDIMAR INTERNACIONAL
30250,HOSPITAL UNIVERSITARIO SAN JUAN DE ALICANTE
30340,HOSPITAL DE DENIA
30362,CENTRO DE REHABILITACION NEUROLOGICA CASAVERDE
30373,HOSPITAL UNIVERSITARIO VINALOPO
30384,HOSPITAL IMED ELCHE
120136,HOSPITAL UNIVERSITARIO DE LA PLANA
120017,HOSPITAL GENERAL UNIVERSITARIO DE CASTELLON
120038,HOSPITAL LA MAGDALENA
120043,CONSORCIO HOSPITALARIO PROVINCIAL DE CASTELLON
120159,HOSPITAL REY D. JAIME
120148,INSTITUTO DE TRAUMATOLOGIA DE UNION DE MUTUAS (MATEPSS Nº 267)
120115,HOSPITAL COMARCAL DE VINAROS
120171,CENTRO MEDICALIZADO CENTRO DE TECNIFICACION DEPORTIVA VILA-REAL
460060,CONSORCIO HOSPITAL GENERAL UNIVERSITARIO DE VALENCIA
460291,HOSPITAL 9 DE OCTUBRE
460207,HOSPITAL FRANCESC DE BORJA DE GANDIA
460381,HOSPITAL DE CRONICOS DE MISLATA (ANTIGUO HOSPITAL MILITAR DE VALENCIA)
460180,CASA DE REPOSO SAN ONOFRE
460288,HOSPITAL GENERAL DE REQUENA
460109,FUNDACION INSTITUTO VALENCIANO DE ONCOLOGIA
460023,HOSPITAL UNIVERSITARIO DR. PESET ALEIXANDRE
460044,HOSPITAL CLINICO UNIVERSITARIO DE VALENCIA
460116,HOSPITAL VIRGEN DEL CONSUELO
460229,HOSPITAL LLUIS ALCANYIS DE XATIVA
460018,HOSPITAL UNIVERSITARIO Y POLITECNICO LA FE
460266,HOSPITAL DE SAGUNTO
460333,HOSPITAL NISA AGUAS VIVAS
460327,HOSPITAL IMED GANDIA
460240,HOSPITAL INTERMUTUAL DE LEVANTE
460137,HOSPITAL QUIRONSALUD VALENCIA
460351,HOSPITAL UNIVERSITARIO DE LA RIBERA
460272,HOSPITAL DOCTOR MOLINER
460082,HOSPITAL CATOLICO CASA DE SALUD
460369,HOSPITAL PARE JOFRE
460235,HOSPITAL GENERAL DE ONTINYENT
460168,HOSPITAL PSIQUIATRICO PROVINCIAL
460039,HOSPITAL ARNAU DE VILANOVA
460370,HOSPITAL DE MANISES
460415,UNIDAD DE DESINTOXICACION HOSPITALARIA
460392,HOSPITAL DE LLIRIA
460404,IMED VALENCIA
460437,CLINICA IMSKE
60297,HOSPITAL PARQUE VEGAS ALTAS
60080,RIBERA SALUD INFRAESTRUCTURAS S.L.U
60093,HOSPITAL DON BENITO-VILLANUEVA DE LA SERENA
60114,HOSPITAL GENERAL DE LLERENA
60129,HOSPITAL DE MERIDA
60208,HOSPITAL DE ZAFRA
60220,HOSPITAL PERPETUO SOCORRO
60231,HOSPITAL SIBERIA-SERENA
60242,HOSPITAL TIERRA DE BARROS
100015,HOSPITAL SAN PEDRO DE ALCANTARA
100020,HOSPITAL PROVINCIAL NUESTRA SEÑORA DE LA MONTAÑA
100115,HOSPITAL UNIVERSITARIO DE CACERES
280164,HOSPITAL CARLOS III
60140,RIBERA SALUD-HOSPITAL SANTA JUSTA
60172,HOSPITAL QUIRONSALUD CLIDEBA
60275,CASAVERDE CENTRO DE REHABILITACION NEUROLOGICO DE EXTREMADURA S.L.
100041,HOSPITAL CIUDAD DE CORIA
100054,HOSPITAL CAMPO ARAÑUELO
100067,HOSPITAL VIRGEN DEL PUERTO
100073,CENTRO SOCIOSANITARIO DE PLASENCIA
100092,HOSPITAL QUIRONSALUD CACERES
100106,CLINICA SOQUIMEX
100113,CLINICA SAN FRANCISCO CLINICA QUIRURGICA CACEREÑA
150308,SANATORIO LA ROBLEDA
150011,COMPLEXO HOSPITALARIO UNIVERSITARIO A CORUÑA
150050,CENTRO ONCOLOXICO DE GALICIA
150063,HOSPITAL QUIRONSALUD A CORUÑA
150079,HOSPITAL SAN RAFAEL
150354,HM MODELO-BELEN
150130,COMPLEXO HOSPITALARIO UNIVERSITARIO DE FERROL
150177,HOSPITAL JUAN CARDONA
150365,HOSPITAL HM ROSALEDA - HM LA ESPERANZA
150336,HOSPITAL PUBLICO DA BARBANZA
150341,HOSPITAL PUBLICO VIRXE DA XUNQUEIRA
270018,COMPLEXO HOSPITALARIO UNIVERSITARIO DE LUGO
270095,HOSPITAL PUBLICO DA MARIÑA
270109,HOSPITAL PUBLICO DE MONFORTE
270057,HOSPITAL POLUSA
270076,SANATORIO NOSA SEÑORA DOS OLLOS GRANDES
320013,COMPLEXO HOSPITALARIO UNIVERSITARIO DE OURENSE
320126,HOSPITAL PUBLICO DE VALDEORRAS
320150,HOSPITAL PUBLICO DE VERIN
320087,CENTRO MEDICO EL CARMEN
320163,CLINICA SANTA TERESA
360182,HOSPITAL POVISA
360340,COMPLEXO HOSPITALARIO UNIVERSITARIO DE PONTEVEDRA
360059,GRUPO QUIRONSALUD PONTEVEDRA
360031,HESTIA SANTA MARIA
360209,VITHAS HOSPITAL NOSA SEÑORA DE FATIMA
360268,SANATORIO PSIQUIATRICO SAN JOSE
360255,CENTRO MEDICO PINTADO
360160,"FREMAP, HOSPITAL DE VIGO"
360274,CLINICA RESIDENCIA EL PINAR
360216,CONCHEIRO CENTRO MEDICO QUIRURGICO
360353,HOSPITAL PUBLICO DO SALNES
360368,COMPLEXO HOSPITALARIO UNIVERSITARIO DE VIGO
280856,FREMAP HOSPITAL MAJADAHONDA
280783,CENTRO SAN JUAN DE DIOS CIEMPOZUELOS
280549,HOSPITAL FUENSANTA
280534,"CLINICA LA LUZ, S.L."
280604,HOSPITAL UNIVERSITARIO LA ZARZUELA
280421,HOSPITAL UNIVERSITARIO FUNDACION JIMENEZ DIAZ
280474,HOSPITAL NUESTRA SEÑORA DE AMERICA
280626,HOSPITAL HM NUEVO BELEN
280552,HOSPITAL RUBER JUAN BRAVO
280468,HOSPITAL SAN CAMILO
280376,CLINICA SANTA ELENA
280210,HOSPITAL DE CANTOBLANCO
280246,HOSPITAL GENERAL UNIVERSITARIO GREGORIO MARAÑON
280014,HOSPITAL UNIVERSITARIO LA PAZ
280091,HOSPITAL VIRGEN DE LA TORRE
280259,INSTITUTO PROVINCIAL DE REHABILITACION
280843,INSTITUTO PSIQUIATRICO SERVICIOS DE SALUD MENTAL JOSE GERMAIN - 1 LUNA
281270,HOSPITAL UNIVERSITARIO INFANTA LEONOR
280360,HOSPITAL BEATA MARIA ANA
280920,HOSPITAL EL ESCORIAL
280761,HOSPITAL DE LA FUENFRIA
280127,HOSPITAL UNIVERSITARIO DE LA PRINCESA
280344,HOSPITAL DE LA V.O.T. DE SAN FRANCISCO DE ASIS
280954,HOSPITAL UNIVERSITARIO HM MADRID
280894,HOSPITAL UNIVERSITARIO DE MOSTOLES
280133,HOSPITAL INFANTIL UNIVERSITARIO NIÑO JESUS
280416,FUNDACION INSTITUTO SAN JOSE
280565,HOSPITAL RUBER INTERNACIONAL
280796,HOSPITAL ASEPEYO MADRID
280800,HOSPITAL DE GUADARRAMA
280745,HOSPITAL UNIVERSITARIO PRINCIPE DE ASTURIAS
280936,HOSPITAL VIRGEN DE LA POVEDA
280262,HOSPITAL PSIQUIATRICO DOCTOR RODRIGUEZ LAFORA
280777,COMPLEJO ASISTENCIAL BENITO MENNI
280029,HOSPITAL UNIVERSITARIO RAMON Y CAJAL
280339,HOSPITAL SAN RAFAEL
280112,HOSPITAL UNIVERSITARIO SANTA CRISTINA
280838,HOSPITAL UNIVERSITARIO SEVERO OCHOA
280072,HOSPITAL UNIVERSITARIO CLINICO SAN CARLOS
280650,CLINICA LOPEZ IBOR
280409,CLINICA NUESTRA SEÑORA DE LA PAZ
280395,CLINICA SAN MIGUEL
280679,"SANATORIO ESQUERDO, S.A."
280587,HOSPITAL LA MILAGROSA S.A.
280647,CLINICA DR. LEON
280528,"HOSPITAL UNIVERSITARIO VIRGEN DE LA PALOMA, S.L."
280323,SANATORIO NUESTRA SEÑORA DEL ROSARIO
280442,HOSPITAL VIRGEN DEL MAR
280382,HOSPITAL SAN FRANCISCO DE ASIS
280357,HOSPITAL QUIRONSALUD SAN JOSE
280455,CLINICA SEAR
280989,HOSPITAL UNIVERSITARIO DE GETAFE
281034,CLINICA ISADORA S.A.
281049,HOSPITAL HLA UNIVERSITARIO MONCLOA
281087,CLINICA CEMTRO
281071,HOSPITAL UNIVERSITARIO FUNDACION ALCORCON
281090,HOSPITAL UNIVERSITARIO HM MONTEPRINCIPE
281113,HOSPITAL MD ANDERSON CANCER CENTER MADRID
281124,HOSPITAL QUIRONSALUD SUR
281146,HOSPITAL UNIVERSITARIO DE FUENLABRADA
281157,HOSPITAL UNIVERSITARIO HM TORRELODONES
281180,HOSPITAL LOS MADROÑOS
281179,HOSPITAL UNIVERSITARIO LA MORALEJA
281203,HOSPITAL UNIVERSITARIO QUIRONSALUD MADRID
281247,HOSPITAL PARDO DE ARAVACA
281225,HOSPITAL UNIVERSITARIO HM SANCHINARRO
281236,HOSPITAL UNIVERSITARIO INFANTA ELENA
281269,EMPRESA PUBLICA HOSPITAL DEL HENARES
281258,HOSPITAL UNIVERSITARIO INFANTA SOFIA
281304,EMPRESA PUBLICA HOSPITAL DEL SUR HOSPITAL INFANTA CRISTINA
281292,HOSPITAL DEL TAJO S.A.
281281,HOSPITAL UNIVERSITARIO DEL SURESTE - EMPRESA PUBLICA HOSPTIAL DEL SURESTE
281315,HOSPITAL UNIVERSITARIO PUERTA DE HIERRO MAJADAHONDA
281326,"CASTA SALUD, S.L.U."
281438,INSTITUTO PSIQUIATRICO SERVICIOS DE SALUD MENTAL JOSE GERMAIN - 2 ARAGON
300362,HOSPITAL GENERAL UNIVERSITARIO SANTA LUCIA
300145,HOSPITAL SANTA MARIA DEL ROSELL
281348,HOSPITAL UNIVERSITARIO REY JUAN CARLOS
281359,HOSPITAL GENERAL DE VILLALBA
281360,HOSPITAL UNIVERSITARIO HM PUERTA DEL SUR
281382,HOSPITAL CASAVERDE MADRID
280724,HOSPITAL CENTRAL DE LA DEFENSA EN MADRID
281393,CLINICA UNIVERSIDAD DE NAVARRA
281416,CLINICA SAN VICENTE
281371,HOSPITAL HM VALLES
281383,"FRATERNIDAD MUPRESPA, MUTUA COLABORADORA CON LA SEGURIDAD SOCIAL Nº 275"
281385,"ITA CLINIC BCN, S.L."
281445,SERVICIO MADRILEÑO DE SALUD
300177,HOSPITAL NTRA. SRA. DEL PERPETUO SOCORRO
300294,HOSPITAL DE MOLINA
300085,HOSPITAL MESA DEL CASTILLO
300317,CLINICA SAN FELIPE DEL MEDITERRANEO
300026,HOSPITAL GENERAL UNIVERSITARIO REINA SOFIA
300339,HOSPITAL DE CUIDADOS MEDIOS VILLADEMAR
300340,RESIDENCIA LOS ALMENDROS
300222,HOSPITAL GENERAL UNIVERSITARIO LOS ARCOS DEL MAR MENOR
300269,HOSPITAL G. UNIVERSITARIO J.M. MORALES MESEGUER
300079,HOSPITAL LA VEGA GRUPO HLA
300161,SANTO Y REAL HOSPITAL DE CARIDAD
300050,HOSPITAL QUIRONSALUD MURCIA
300098,SANATORIO DR. MUÑOZ
300275,HOSPITAL  IBERMUTUAMUR - PATOLOGIA LABORAL
300281,HOSPITAL DE LA VEGA LORENZO GUIRAO
300243,HOSPITAL VIRGEN DEL CASTILLO
300124,HOSPITAL COMARCAL DEL NOROESTE
300256,HOSPITAL RAFAEL MENDEZ
300217,HOSPITAL VIRGEN DEL ALCAZAR DE LORCA
300119,CLINICA MEDICO-QUIRURGICA SAN JOSE
300196,FUNDACION HOSPITAL REAL PIEDAD
300032,HOSPITAL PSIQUIATRICO ROMAN ALBERCA
300130,CLINICA DOCTOR BERNAL
300384,HOSPITAL C. M. VIRGEN DE LA CARIDAD CARTAGENA
300373,HOSPITAL PERPETUO SOCORRO ALAMEDA
310137,HOSPITAL REINA SOFIA
310121,HOSPITAL GARCIA ORCOYEN
310060,CLINICA UNIVERSIDAD DE NAVARRA
310109,CENTRO HOSPITALARIO BENITO MENNI
310057,CLINICA PSIQUIATRICA PADRE MENNI
310044,HOSPITAL SAN JUAN DE DIOS
310076,CLINICA SAN MIGUEL - PAMPLONA
310039,CENTRO SAN FRANCISCO JAVIER
310142,CLINICA PSICOGERIATRICA JOSEFINA ARREGUI
310150,COMPLEJO HOSPITALARIO DE NAVARRA
10040,HOSPITAL SAN JOSE
10053,HOSPITAL QUIRONSALUD VITORIA
10066,HOSPITAL DE CUIDADOS SAN ONOFRE SL
10088,HOSPITAL DE LEZA
10035,RED DE SALUD MENTAL DE ARABA (HOSPITAL PSIQUIATRICO DE ARABA)
10090,HOSPITAL UNIVERSITARIO ARABA (SEDE TXAGORRITXU Y SEDE SANTIAGO)
200049,MUTUALIA CLINICA PAKEA
200104,POLICLINICA GIPUZKOA
200163,HOSPITAL BIDASOA (OSI BIDASOA)
200258,HOSPITAL DE MENDARO (OSI BAJO DEBA)
200185,ORGANIZACION SANITARIA INTEGRADA DEBAGOIENA
200219,"CLINICA SANTA MARIA DE LA ASUNCION (INVIZA, S. A.)"
200245,HOSPITAL DE ZUMARRAGA (OSI GOIERRI - ALTO UROLA)
200261,HOSPITAL UNIVERSITARIO DONOSTIA
260048,HOSPITAL DE LA RIOJA
260027,HOSPITAL SAN PEDRO
280278,INSTITUTO DE CARDIOLOGÍA DE MADRID
80636,"CENTRE CARDIOVASCULAR SANT JORDI,S.A"
200111,CENTRO SANITARIO VIRGEN DEL PILAR
410397,HOSPITAL DE ALTA RESOLUCIÓN SIERRA NORTE
480084,"CLÍNICA VICENTE SAN SEBASTIÁN, S.A."
81017,HOSPITAL UNIVERSITARI GENERAL DE CATALUNYA
81402,"MUTUA DE GRANOLLERS, MUTUA DE PREVISIO SOCIAL A PRIMA FIXA"
200126,HOSPITAL QUIRÓN SALUD DONOSTIA
40059,HOSPITAL VIRGEN DEL MAR
110213,HOSPITAL DE ALTA RESOLUCION DE ESPECIALIDADES DE LA JANDA
290393,FUNDACION CUDECA. CENTRO DE CUIDADOS PALIATIVOS
220020,CENTRO DE REHABILITACION PSICOSOCIAL SANTO CRISTO DE LOS MILAGROS
330365,CENTRO TERAPEUTICO VISTA ALEGRE
70201,POLICLINICA NUESTRA SRA. DEL ROSARIO
350304,HOSPITEN CLINICA ROCA SAN AGUSTIN
90085,HOSPITAL RESIDENCIA ASISTIDA DE LA LUZ
240212,CLINICA PONFERRADA
240140,HOSPITAL DE LA REINA
190077,INSTITUTO DE ENFERMEDADES NEUROLOGICAS DE CASTILLA-LA MANCHA
80885,GERMANES HOSPITALARIES. HOSPITAL SAGRAT COR.
82112,UNITAT POLIVALENT BENITO MENNI EN SALUT MENTAL DE L'HOSPITALET-EL PRAT DE LLOBREGAT
82224,SARQUAVITAE BONANOVA
82213,CENTRE D'HOSPITALITZACIO I HOSPITAL DE DIA TRASTORNS DE LA CONDUCTA
250210,SANT JOAN DE DEU TERRES DE LLEIDA
430094,HOSPITAL UNIVERSITARI DE SANT JOAN DE REUS
200132,FUNDACION ONKOLOGIKOA FUNDAZIOA
200071,HOSPITAL RICARDO BERMINGHAM
200271,HOSPITAL SAN JUAN DE DIOS
200198,HOSPITAL AITA MENNI
200230,"SANATORIO USURBIL, S. L."
200270,EIBAR OSPITALEA
480078,HOSPITAL UNIVERSITARIO BASURTO
480046,HOSPITAL CRUZ ROJA DE BILBAO (VICTORIA EUGENIA)
480097,CLINICA VIRGEN BLANCA
480123,"CLINICA GUIMON, S.A."
480059,SANATORIO BILBAINO
480160,"CLINICA INDAUTXU, S.A."
480176,HOSPITAL UNIVERSITARIO CRUCES
480182,HOSPITAL SAN ELOY
480209,HOSPITAL GALDAKAO-USANSOLO
480255,HOSPITAL SAN JUAN DE DIOS
480305,HOSPITAL QUIRONSALUD BIZKAIA
480025,HOSPITAL INTERMUTUAL DE EUSKADI
480031,CLINICA ERCILLA MUTUALIA
480010,HOSPITAL SANTA MARINA
480216,HOSPITAL DE GORLIZ
480293,AMSA SERVICIO DE PSIQUIATRIA
480195,HOSPITAL DE BERMEO
480268,HOSPITAL DE ZALDIBAR
480274,HOSPITAL DE ZAMUDIO
480316,CLINICA IMQ ZORROTZAURRE
480327,URDULIZ OSPITALEA
260109,CLINICA LOS MANZANOS
260121,CENTRO SOCIOSANITARIO DE CONVALENCENCIA LOS JAZMINES
260099,FUNDACION HOSPITAL CALAHORRA
260110,CENTRO ASISTENCIAL ALBELDA DE IREGUA
260051,POLICLINICO RIOJANO NUESTRA SEÑORA DE VALVANERA
510039,HOSPITAL UNIVERSITARIO DE CEUTA
520018,HOSPITAL COMARCAL DE MELILLA
80446,HOSPITAL UNIVERSITARI QUIRÓN DEXEUS
410129,HOSPITAL FÁTIMA
60286,HOSPITAL CLINICA EXTREMEÑA DE SALUD -FASE I-
30232,HOSPITAL PSIQUIATRICO PENITENCIARIO DE FONTCALENT
460426,CENTRO HABILITADO ERNEST LLUCH
60135,CENTRO SOCIOSANITARIO DE MERIDA
150200,COMPLEXO HOSPITALARIO UNIVERSITARIO DE SANTIAGO
280035,HOSPITAL UNIVERSITARIO 12 DE OCTUBRE
280148,"HOSPITAL CENTRAL DE LA CRUZ ROJA, SAN JOSE Y SANTA ADELA"
281214,HOSPITAL CENTRO DE CUIDADOS LAGUNA
281337,HOSPITAL UNIVERSITARIO DE TORREJON
300011,HOSPITAL CLINICO UNIVERSITARIO VIRGEN DE LA ARRIXACA
200202,HOSPITAL PSIQUIATRICO SAN JUAN DE DIOS
260132,CENTRO SOCIOSANITARIO DE CONVALECENCIA NUESTRA SEÑORA VIRGEN DEL CARMEN
80266,CLINICA  SOLARIUM
240205,CLINICA ALTOLLANO
82034,SERVEIS SANITARIS SANT JOAN DE VILATORRADA
310116,CENTRO DE REHABILITACIÓN UBARMIN
480118,HOSPITAL SAN FRANCISCO JAVIER
81136,CLÍNICA DE VIC
330320,COMUNIDAD TERAPEUTICA SAN LAZARO
330322,CTI DE LA CORREDORIA
82001,SERVEIS SANITARIS LA ROCA DEL VALLES 2
120160,SERVICIOS SANITARIOS DEL CENTRO PENITENCIARIO DE CASTELLON II (ALBOCASSER)
460057,HOSPITAL DE LA MALVA-ROSA
30089,SANATORIO SAN JORGE S.L.
350389,HOSPITAL PARQUE FUERTEVENTURA
380099,VITHAS HOSPITAL SANTA CRUZ
250061,CLINICA TERRES DE PONENT
360195,HOSPITAL HM VIGO
210059,HOSPITAL BLANCA PALOMA
30279,CENTRO MEDICO ACUARIO
290290,HOSPITAL F.A.C. DOCTOR PASCUAL
250221,REEIXIR
430333,UNITAT DE REFERENCIA DE PSIQUIATRIA I TRASTORNS DE LA CONDUCTA ALIMENTARIA (URPI)
460095,HOSPITAL NISA VALENCIA AL MAR
999999,CENTRO SANITARIO DE ALTA RESOLUCION MONCAYO
20019,Complejo Hospitalario De Albacete
40097,Hospital Universitario Torrecardenas
50061,Complejo Asistencial De Ávila
60016,Complejo Hospitalario Universitario De Badajoz
60219,Complejo Hospitalario Llerena-Zafra
60253,Complejo Hospitalario De Don Benito-Villanueva De La Serena
60264,Complejo Hospitalario Del Área De Salud De Mérida
90133,Complejo Asistencial Universitario De Burgos
100089,Complejo Hospitalario De Cáceres
110012,Hospital Universitario Puerta Del Mar
140023,Hospital Universitario Reina Sofia
180114,Hospital Universitario Virgen De La Nieves
210101,Hospital Universitario Juan Ramon Jimenez
230119,Hospital Universitario De Jaen
240191,Complejo Asistencial Universitario De León
260012,Complejo Hospitalario San Pedro Hospital De La Rioja
280225,Complejo Hospitalario Gregorio Marañón
281168,Complejo Hospitalario La Paz
281405,Complejo Hospitalario Infanta Leonor
281427,Instituto Psiquiátrico Servicios De Salud Mental José Germain
290234,Hospital Universitario Regional De Malaga
290252,Hospital Universitario Virgen De La Victoria
300351,Complejo Hospitalario De Cartagena Chc
340063,Complejo Asistencial Universitario De Palencia
350332,Complejo Hospitalario Universitario De Gran Canaria Dr. Negrin
370016,Complejo Asistencial Universitario De Salamanca
380012,Complejo Hospitalario Universitario Nuestra Señora De Candelaria
380326,Complejo Hospitalario Universitario De Canarias
410286,Hospital Universitario Virgen Del Rocio
410299,Hospital Universitario Virgen Macarena
410303,Hospital Universitario Virgen De Valme
420040,Complejo Asistencial De Soria
450092,Complejo Hospitalario De Toledo
490070,Complejo Asistencial De Zamora
